{"cameraMode":{"drawMode":0,"name":"Shaded","section":"Shading Mode"},"sceneLighting":false,"audioPlay":false,"sceneViewState":{"showFog":true,"showMaterialUpdate":false,"showSkybox":false,"showFlares":true,"showImageEffects":true,"showParticleSystems":true,"showVisualEffectGraphs":true,"m_FxEnabled":true},"in2DMode":false,"pivot":{"x":2.5822112560272219,"y":-3.5396947860717775,"z":3.309276819229126},"rotation":{"x":-0.6751703023910523,"y":0.012612467631697655,"z":-0.011546246707439423,"w":-0.7374915480613709},"size":2.9782323837280275,"orthographic":false}