{"cameraMode":{"drawMode":0,"name":"Shaded","section":"Shading Mode"},"sceneLighting":false,"audioPlay":false,"sceneViewState":{"showFog":true,"showMaterialUpdate":false,"showSkybox":false,"showFlares":true,"showImageEffects":true,"showParticleSystems":true,"showVisualEffectGraphs":true,"m_FxEnabled":true},"in2DMode":false,"pivot":{"x":-2.370500087738037,"y":3.119645118713379,"z":7.491298675537109},"rotation":{"x":0.016159381717443467,"y":0.059059470891952518,"z":0.000973858346696943,"w":-0.9981428384780884},"size":1.1555900573730469,"orthographic":false}