{"cameraMode":{"drawMode":0,"name":"Shaded","section":"Shading Mode"},"sceneLighting":false,"audioPlay":false,"sceneViewState":{"showFog":true,"showMaterialUpdate":false,"showSkybox":false,"showFlares":true,"showImageEffects":true,"showParticleSystems":true,"showVisualEffectGraphs":true,"m_FxEnabled":true},"in2DMode":false,"pivot":{"x":-1.4020986557006837,"y":1.0707117319107056,"z":-0.04163438826799393},"rotation":{"x":-0.45874708890914919,"y":-0.04741339012980461,"z":0.024514256045222284,"w":-0.8869851231575012},"size":1.4848768711090088,"orthographic":false}