{"cameraMode":{"drawMode":0,"name":"Shaded","section":"Shading Mode"},"sceneLighting":false,"audioPlay":false,"sceneViewState":{"showFog":true,"showMaterialUpdate":false,"showSkybox":false,"showFlares":true,"showImageEffects":true,"showParticleSystems":true,"showVisualEffectGraphs":true,"m_FxEnabled":true},"in2DMode":false,"pivot":{"x":0.6999969482421875,"y":0.0800018310546875,"z":-0.3000030517578125},"rotation":{"x":-0.1527141034603119,"y":0.0005925517762079835,"z":-0.00009359973046230152,"w":-0.9882899522781372},"size":30.617204666137697,"orthographic":false}